<?xml version="1.0" encoding="UTF-8"?>
<!-- IMPORTANT: This is an internal file that has been generated
     by the Xilinx ISE software.  Any direct editing or
     changes made to this file may result in unpredictable
     behavior or data corruption.  It is strongly advised that
     users do not edit the contents of this file. -->
<DeviceUsageSummary rev="2">
<DesignStatistics TimeStamp="Fri Feb 02 14:27:01 2024"><group name="NetStatistics">
<item name="NumNets_Active" rev="2">
<attrib name="value" value="85"/></item>
<item name="NumNets_Vcc" rev="2">
<attrib name="value" value="1"/></item>
<item name="NumNodesOfType_Active_BOUNCEIN" rev="2">
<attrib name="value" value="2"/></item>
<item name="NumNodesOfType_Active_BUFGOUT" rev="2">
<attrib name="value" value="1"/></item>
<item name="NumNodesOfType_Active_BUFHINP2OUT" rev="2">
<attrib name="value" value="1"/></item>
<item name="NumNodesOfType_Active_CLKPIN" rev="2">
<attrib name="value" value="10"/></item>
<item name="NumNodesOfType_Active_CLKPINFEED" rev="2">
<attrib name="value" value="1"/></item>
<item name="NumNodesOfType_Active_DOUBLE" rev="2">
<attrib name="value" value="39"/></item>
<item name="NumNodesOfType_Active_GENERIC" rev="2">
<attrib name="value" value="2"/></item>
<item name="NumNodesOfType_Active_GLOBAL" rev="2">
<attrib name="value" value="11"/></item>
<item name="NumNodesOfType_Active_INPUT" rev="2">
<attrib name="value" value="8"/></item>
<item name="NumNodesOfType_Active_IOBIN2OUT" rev="2">
<attrib name="value" value="1"/></item>
<item name="NumNodesOfType_Active_IOBOUTPUT" rev="2">
<attrib name="value" value="1"/></item>
<item name="NumNodesOfType_Active_LUTINPUT" rev="2">
<attrib name="value" value="152"/></item>
<item name="NumNodesOfType_Active_OUTBOUND" rev="2">
<attrib name="value" value="77"/></item>
<item name="NumNodesOfType_Active_OUTPUT" rev="2">
<attrib name="value" value="85"/></item>
<item name="NumNodesOfType_Active_PADINPUT" rev="2">
<attrib name="value" value="1"/></item>
<item name="NumNodesOfType_Active_PADOUTPUT" rev="2">
<attrib name="value" value="1"/></item>
<item name="NumNodesOfType_Active_PINBOUNCE" rev="2">
<attrib name="value" value="21"/></item>
<item name="NumNodesOfType_Active_PINFEED" rev="2">
<attrib name="value" value="164"/></item>
<item name="NumNodesOfType_Active_QUAD" rev="2">
<attrib name="value" value="10"/></item>
<item name="NumNodesOfType_Active_SINGLE" rev="2">
<attrib name="value" value="76"/></item>
</group>
<group name="SiteStatistics">
<item name="BUFG-BUFGMUX" rev="2">
<attrib name="value" value="1"/></item>
<item name="IOB-IOBS" rev="2">
<attrib name="value" value="2"/></item>
<item name="SLICEX-SLICEM" rev="2">
<attrib name="value" value="3"/></item>
</group>
<group name="MiscellaneousStatistics">
<item name="AGG_BONDED_IO" rev="1">
<attrib name="value" value="2"/></item>
<item name="AGG_IO" rev="1">
<attrib name="value" value="2"/></item>
<item name="AGG_LOCED_IO" rev="1">
<attrib name="value" value="2"/></item>
<item name="AGG_SLICE" rev="1">
<attrib name="value" value="20"/></item>
<item name="NUM_BONDED_IOB" rev="1">
<attrib name="value" value="2"/></item>
<item name="NUM_BSFULL" rev="1">
<attrib name="value" value="33"/></item>
<item name="NUM_BSLUTONLY" rev="1">
<attrib name="value" value="41"/></item>
<item name="NUM_BSUSED" rev="1">
<attrib name="value" value="74"/></item>
<item name="NUM_BUFG" rev="1">
<attrib name="value" value="1"/></item>
<item name="NUM_LOCED_IOB" rev="1">
<attrib name="value" value="2"/></item>
<item name="NUM_LOGIC_O5ANDO6" rev="1">
<attrib name="value" value="1"/></item>
<item name="NUM_LOGIC_O5ONLY" rev="1">
<attrib name="value" value="30"/></item>
<item name="NUM_LOGIC_O6ONLY" rev="1">
<attrib name="value" value="42"/></item>
<item name="NUM_LUT_RT_DRIVES_CARRY4" rev="1">
<attrib name="value" value="1"/></item>
<item name="NUM_LUT_RT_EXO6" rev="1">
<attrib name="value" value="1"/></item>
<item name="NUM_LUT_RT_O6" rev="1">
<attrib name="value" value="30"/></item>
<item name="NUM_SLICEL" rev="1">
<attrib name="value" value="8"/></item>
<item name="NUM_SLICEX" rev="1">
<attrib name="value" value="12"/></item>
<item name="NUM_SLICE_CARRY4" rev="1">
<attrib name="value" value="8"/></item>
<item name="NUM_SLICE_CONTROLSET" rev="1">
<attrib name="value" value="1"/></item>
<item name="NUM_SLICE_CYINIT" rev="1">
<attrib name="value" value="106"/></item>
<item name="NUM_SLICE_FF" rev="1">
<attrib name="value" value="33"/></item>
<item name="NUM_SLICE_UNUSEDCTRL" rev="1">
<attrib name="value" value="10"/></item>
<item name="NUM_UNUSABLE_FF_BELS" rev="1">
<attrib name="value" value="7"/></item>
</group>
</DesignStatistics>
<DeviceUsage TimeStamp="Fri Feb 02 14:27:01 2024"><group name="SiteSummary">
<item name="BUFG" rev="2">
<attrib name="total" value="1000000"/><attrib name="used" value="1"/></item>
<item name="BUFG_BUFG" rev="2">
<attrib name="total" value="1000000"/><attrib name="used" value="1"/></item>
<item name="CARRY4" rev="2">
<attrib name="total" value="1000000"/><attrib name="used" value="8"/></item>
<item name="HARD0" rev="2">
<attrib name="total" value="1000000"/><attrib name="used" value="1"/></item>
<item name="IOB" rev="2">
<attrib name="total" value="1000000"/><attrib name="used" value="2"/></item>
<item name="IOB_IMUX" rev="2">
<attrib name="total" value="1000000"/><attrib name="used" value="1"/></item>
<item name="IOB_INBUF" rev="2">
<attrib name="total" value="1000000"/><attrib name="used" value="1"/></item>
<item name="IOB_OUTBUF" rev="2">
<attrib name="total" value="1000000"/><attrib name="used" value="1"/></item>
<item name="LUT5" rev="2">
<attrib name="total" value="1000000"/><attrib name="used" value="31"/></item>
<item name="LUT6" rev="2">
<attrib name="total" value="1000000"/><attrib name="used" value="74"/></item>
<item name="PAD" rev="2">
<attrib name="total" value="1000000"/><attrib name="used" value="2"/></item>
<item name="REG_SR" rev="2">
<attrib name="total" value="1000000"/><attrib name="used" value="33"/></item>
<item name="SLICEL" rev="2">
<attrib name="total" value="1000000"/><attrib name="used" value="8"/></item>
<item name="SLICEX" rev="2">
<attrib name="total" value="1000000"/><attrib name="used" value="12"/></item>
</group>
</DeviceUsage>
<ReportConfigData TimeStamp="Fri Feb 02 14:27:01 2024"><group name="REG_SR">
<item name="CK" rev="2">
<attrib name="CK" value="33"/><attrib name="CK_INV" value="0"/></item>
<item name="LATCH_OR_FF" rev="2">
<attrib name="FF" value="33"/></item>
<item name="SRINIT" rev="2">
<attrib name="SRINIT0" value="33"/></item>
<item name="SYNC_ATTR" rev="2">
<attrib name="ASYNC" value="33"/></item>
</group>
<group name="IOB_OUTBUF">
<item name="DRIVEATTRBOX" rev="2">
<attrib name="12" value="1"/></item>
<item name="SLEW" rev="2">
<attrib name="SLOW" value="1"/></item>
<item name="SUSPEND" rev="2">
<attrib name="3STATE" value="1"/></item>
</group>
<group name="SLICEX">
<item name="CLK" rev="2">
<attrib name="CLK" value="10"/><attrib name="CLK_INV" value="0"/></item>
</group>
</ReportConfigData>
<ReportPinData TimeStamp="Fri Feb 02 14:27:01 2024"><group name="REG_SR">
<item name="CK" rev="2">
<attrib name="value" value="33"/></item>
<item name="D" rev="2">
<attrib name="value" value="33"/></item>
<item name="Q" rev="2">
<attrib name="value" value="33"/></item>
</group>
<group name="SLICEL">
<item name="A5" rev="2">
<attrib name="value" value="8"/></item>
<item name="A6" rev="2">
<attrib name="value" value="8"/></item>
<item name="AMUX" rev="2">
<attrib name="value" value="8"/></item>
<item name="B5" rev="2">
<attrib name="value" value="8"/></item>
<item name="B6" rev="2">
<attrib name="value" value="8"/></item>
<item name="BMUX" rev="2">
<attrib name="value" value="8"/></item>
<item name="C5" rev="2">
<attrib name="value" value="8"/></item>
<item name="C6" rev="2">
<attrib name="value" value="8"/></item>
<item name="CIN" rev="2">
<attrib name="value" value="7"/></item>
<item name="CMUX" rev="2">
<attrib name="value" value="8"/></item>
<item name="COUT" rev="2">
<attrib name="value" value="7"/></item>
<item name="D5" rev="2">
<attrib name="value" value="7"/></item>
<item name="D6" rev="2">
<attrib name="value" value="8"/></item>
<item name="DMUX" rev="2">
<attrib name="value" value="8"/></item>
</group>
<group name="IOB_OUTBUF">
<item name="IN" rev="2">
<attrib name="value" value="1"/></item>
<item name="OUT" rev="2">
<attrib name="value" value="1"/></item>
</group>
<group name="SLICEX">
<item name="A" rev="2">
<attrib name="value" value="3"/></item>
<item name="A1" rev="2">
<attrib name="value" value="2"/></item>
<item name="A2" rev="2">
<attrib name="value" value="3"/></item>
<item name="A3" rev="2">
<attrib name="value" value="5"/></item>
<item name="A4" rev="2">
<attrib name="value" value="5"/></item>
<item name="A5" rev="2">
<attrib name="value" value="12"/></item>
<item name="A6" rev="2">
<attrib name="value" value="12"/></item>
<item name="AQ" rev="2">
<attrib name="value" value="9"/></item>
<item name="B" rev="2">
<attrib name="value" value="4"/></item>
<item name="B1" rev="2">
<attrib name="value" value="3"/></item>
<item name="B2" rev="2">
<attrib name="value" value="3"/></item>
<item name="B3" rev="2">
<attrib name="value" value="3"/></item>
<item name="B4" rev="2">
<attrib name="value" value="4"/></item>
<item name="B5" rev="2">
<attrib name="value" value="12"/></item>
<item name="B6" rev="2">
<attrib name="value" value="12"/></item>
<item name="BQ" rev="2">
<attrib name="value" value="8"/></item>
<item name="C5" rev="2">
<attrib name="value" value="9"/></item>
<item name="C6" rev="2">
<attrib name="value" value="9"/></item>
<item name="CLK" rev="2">
<attrib name="value" value="10"/></item>
<item name="CQ" rev="2">
<attrib name="value" value="9"/></item>
<item name="D" rev="2">
<attrib name="value" value="2"/></item>
<item name="D1" rev="2">
<attrib name="value" value="2"/></item>
<item name="D2" rev="2">
<attrib name="value" value="2"/></item>
<item name="D3" rev="2">
<attrib name="value" value="2"/></item>
<item name="D4" rev="2">
<attrib name="value" value="2"/></item>
<item name="D5" rev="2">
<attrib name="value" value="9"/></item>
<item name="D6" rev="2">
<attrib name="value" value="9"/></item>
<item name="DQ" rev="2">
<attrib name="value" value="7"/></item>
</group>
<group name="BUFG_BUFG">
<item name="I0" rev="2">
<attrib name="value" value="1"/></item>
<item name="O" rev="2">
<attrib name="value" value="1"/></item>
</group>
<group name="PAD">
<item name="PAD" rev="2">
<attrib name="value" value="2"/></item>
</group>
<group name="IOB_INBUF">
<item name="OUT" rev="2">
<attrib name="value" value="1"/></item>
<item name="PAD" rev="2">
<attrib name="value" value="1"/></item>
</group>
<group name="CARRY4">
<item name="CIN" rev="2">
<attrib name="value" value="7"/></item>
<item name="CO3" rev="2">
<attrib name="value" value="7"/></item>
<item name="CYINIT" rev="2">
<attrib name="value" value="1"/></item>
<item name="DI0" rev="2">
<attrib name="value" value="8"/></item>
<item name="DI1" rev="2">
<attrib name="value" value="8"/></item>
<item name="DI2" rev="2">
<attrib name="value" value="8"/></item>
<item name="DI3" rev="2">
<attrib name="value" value="7"/></item>
<item name="O0" rev="2">
<attrib name="value" value="8"/></item>
<item name="O1" rev="2">
<attrib name="value" value="8"/></item>
<item name="O2" rev="2">
<attrib name="value" value="8"/></item>
<item name="O3" rev="2">
<attrib name="value" value="8"/></item>
<item name="S0" rev="2">
<attrib name="value" value="8"/></item>
<item name="S1" rev="2">
<attrib name="value" value="8"/></item>
<item name="S2" rev="2">
<attrib name="value" value="8"/></item>
<item name="S3" rev="2">
<attrib name="value" value="8"/></item>
</group>
<group name="LUT5">
<item name="O5" rev="2">
<attrib name="value" value="31"/></item>
</group>
<group name="LUT6">
<item name="A1" rev="2">
<attrib name="value" value="7"/></item>
<item name="A2" rev="2">
<attrib name="value" value="8"/></item>
<item name="A3" rev="2">
<attrib name="value" value="10"/></item>
<item name="A4" rev="2">
<attrib name="value" value="11"/></item>
<item name="A5" rev="2">
<attrib name="value" value="73"/></item>
<item name="A6" rev="2">
<attrib name="value" value="74"/></item>
<item name="O6" rev="2">
<attrib name="value" value="74"/></item>
</group>
<group name="IOB_IMUX">
<item name="I" rev="2">
<attrib name="value" value="1"/></item>
<item name="OUT" rev="2">
<attrib name="value" value="1"/></item>
</group>
<group name="IOB">
<item name="I" rev="2">
<attrib name="value" value="1"/></item>
<item name="O" rev="2">
<attrib name="value" value="1"/></item>
<item name="PAD" rev="2">
<attrib name="value" value="2"/></item>
</group>
<group name="HARD0">
<item name="0" rev="2">
<attrib name="value" value="1"/></item>
</group>
<group name="BUFG">
<item name="I0" rev="2">
<attrib name="value" value="1"/></item>
<item name="O" rev="2">
<attrib name="value" value="1"/></item>
</group>
</ReportPinData>
<CmdHistory>
</CmdHistory>
</DeviceUsageSummary>
