<?xml version="1.0" encoding="UTF-8"?>
<GenRun Id="impl_1" LaunchPart="xc7a35tcpg236-1" LaunchTime="1706009399">
  <File Type="ROUTE-PWR" Name="RCA_power_routed.rpt"/>
  <File Type="PA-TCL" Name="RCA.tcl"/>
  <File Type="ROUTE-PWR-SUM" Name="RCA_power_summary_routed.pb"/>
  <File Type="REPORTS-TCL" Name="RCA_reports.tcl"/>
  <File Type="OPT-RQA-PB" Name="RCA_rqa_opted.pb"/>
  <File Type="BITSTR-MMI" Name="RCA.mmi"/>
  <File Type="OPT-METHODOLOGY-DRC" Name="RCA_methodology_drc_opted.rpt"/>
  <File Type="INIT-TIMING" Name="RCA_timing_summary_init.rpt"/>
  <File Type="OPT-TIMING" Name="RCA_timing_summary_opted.rpt"/>
  <File Type="OPT-DCP" Name="RCA_opt.dcp"/>
  <File Type="OPT-DRC" Name="RCA_drc_opted.rpt"/>
  <File Type="OPT-HWDEF" Name="RCA.hwdef"/>
  <File Type="PWROPT-DCP" Name="RCA_pwropt.dcp"/>
  <File Type="PWROPT-DRC" Name="RCA_drc_pwropted.rpt"/>
  <File Type="PWROPT-TIMING" Name="RCA_timing_summary_pwropted.rpt"/>
  <File Type="PLACE-DCP" Name="RCA_placed.dcp"/>
  <File Type="PLACE-IO" Name="RCA_io_placed.rpt"/>
  <File Type="PLACE-CLK" Name="RCA_clock_utilization_placed.rpt"/>
  <File Type="PLACE-UTIL" Name="RCA_utilization_placed.rpt"/>
  <File Type="PLACE-UTIL-PB" Name="RCA_utilization_placed.pb"/>
  <File Type="PLACE-CTRL" Name="RCA_control_sets_placed.rpt"/>
  <File Type="PLACE-SIMILARITY" Name="RCA_incremental_reuse_placed.rpt"/>
  <File Type="PLACE-PRE-SIMILARITY" Name="RCA_incremental_reuse_pre_placed.rpt"/>
  <File Type="BG-BIN" Name="RCA.bin"/>
  <File Type="PLACE-TIMING" Name="RCA_timing_summary_placed.rpt"/>
  <File Type="ROUTE-PWR-RPX" Name="RCA_power_routed.rpx"/>
  <File Type="PLACE-RQA-PB" Name="RCA_rqa_placed.pb"/>
  <File Type="POSTPLACE-PWROPT-DCP" Name="RCA_postplace_pwropt.dcp"/>
  <File Type="BITSTR-MSK" Name="RCA.msk"/>
  <File Type="POSTPLACE-PWROPT-TIMING" Name="RCA_timing_summary_postplace_pwropted.rpt"/>
  <File Type="PHYSOPT-DCP" Name="RCA_physopt.dcp"/>
  <File Type="PHYSOPT-DRC" Name="RCA_drc_physopted.rpt"/>
  <File Type="BITSTR-RBT" Name="RCA.rbt"/>
  <File Type="PHYSOPT-TIMING" Name="RCA_timing_summary_physopted.rpt"/>
  <File Type="ROUTE-ERROR-DCP" Name="RCA_routed_error.dcp"/>
  <File Type="ROUTE-DCP" Name="RCA_routed.dcp"/>
  <File Type="ROUTE-BLACKBOX-DCP" Name="RCA_routed_bb.dcp"/>
  <File Type="ROUTE-DRC" Name="RCA_drc_routed.rpt"/>
  <File Type="ROUTE-DRC-PB" Name="RCA_drc_routed.pb"/>
  <File Type="ROUTE-DRC-RPX" Name="RCA_drc_routed.rpx"/>
  <File Type="ROUTE-METHODOLOGY-DRC" Name="RCA_methodology_drc_routed.rpt"/>
  <File Type="ROUTE-METHODOLOGY-DRC-RPX" Name="RCA_methodology_drc_routed.rpx"/>
  <File Type="ROUTE-METHODOLOGY-DRC-PB" Name="RCA_methodology_drc_routed.pb"/>
  <File Type="ROUTE-RQS-PB" Name="RCA_rqs_routed.pb"/>
  <File Type="ROUTE-STATUS" Name="RCA_route_status.rpt"/>
  <File Type="ROUTE-STATUS-PB" Name="RCA_route_status.pb"/>
  <File Type="ROUTE-TIMINGSUMMARY" Name="RCA_timing_summary_routed.rpt"/>
  <File Type="ROUTE-TIMING-PB" Name="RCA_timing_summary_routed.pb"/>
  <File Type="ROUTE-TIMING-RPX" Name="RCA_timing_summary_routed.rpx"/>
  <File Type="ROUTE-SIMILARITY" Name="RCA_incremental_reuse_routed.rpt"/>
  <File Type="ROUTE-CLK" Name="RCA_clock_utilization_routed.rpt"/>
  <File Type="ROUTE-BUS-SKEW" Name="RCA_bus_skew_routed.rpt"/>
  <File Type="ROUTE-BUS-SKEW-PB" Name="RCA_bus_skew_routed.pb"/>
  <File Type="ROUTE-BUS-SKEW-RPX" Name="RCA_bus_skew_routed.rpx"/>
  <File Type="POSTROUTE-PHYSOPT-DCP" Name="RCA_postroute_physopt.dcp"/>
  <File Type="POSTROUTE-PHYSOPT-BLACKBOX-DCP" Name="RCA_postroute_physopt_bb.dcp"/>
  <File Type="POSTROUTE-PHYSOPT-TIMING" Name="RCA_timing_summary_postroute_physopted.rpt"/>
  <File Type="POSTROUTE-PHYSOPT-TIMING-PB" Name="RCA_timing_summary_postroute_physopted.pb"/>
  <File Type="POSTROUTE-PHYSOPT-TIMING-RPX" Name="RCA_timing_summary_postroute_physopted.rpx"/>
  <File Type="POSTROUTE-PHYSOPT-BUS-SKEW" Name="RCA_bus_skew_postroute_physopted.rpt"/>
  <File Type="BG-BIT" Name="RCA.bit"/>
  <File Type="POSTROUTE-PHYSOPT-BUS-SKEW-PB" Name="RCA_bus_skew_postroute_physopted.pb"/>
  <File Type="POSTROUTE-PHYSOPT-BUS-SKEW-RPX" Name="RCA_bus_skew_postroute_physopted.rpx"/>
  <File Type="BITSTR-NKY" Name="RCA.nky"/>
  <File Type="BITSTR-BMM" Name="RCA_bd.bmm"/>
  <File Type="PDI-FILE" Name="RCA.pdi"/>
  <File Type="BOOT-PDI-FILE" Name="RCA_boot.pdi"/>
  <File Type="PL-PDI-FILE" Name="RCA_pld.pdi"/>
  <File Type="RCFI_FILE" Name="RCA.rcfi"/>
  <File Type="CFI_FILE" Name="RCA.cfi"/>
  <File Type="RNPI_FILE" Name="RCA.rnpi"/>
  <File Type="NPI_FILE" Name="RCA.npi"/>
  <File Type="RBD_FILE" Name="RCA.rbd"/>
  <File Type="BITSTR-LTX" Name="debug_nets.ltx"/>
  <File Type="BITSTR-LTX" Name="RCA.ltx"/>
  <File Type="BITSTR-SYSDEF" Name="RCA.sysdef"/>
  <File Type="BG-BGN" Name="RCA.bgn"/>
  <File Type="BG-DRC" Name="RCA.drc"/>
  <File Type="RDI-RDI" Name="RCA.vdi"/>
  <File Type="WBT-USG" Name="usage_statistics_webtalk.html"/>
  <File Type="ROUTE-RQS" Name="RCA_routed.rqs"/>
  <File Type="POSTROUTE-PHYSOPT-RQS" Name="RCA_postroute_physopted.rqs"/>
  <File Type="ROUTE-RQS-RPT" Name="route_report_qor_suggestions_0.rpt"/>
  <File Type="POSTROUTE-PHYSOPT-RQS-RPT" Name="postroute_physopt_report_qor_suggestions_0.rpt"/>
  <FileSet Name="sources" Type="DesignSrcs" RelSrcDir="$PSRCDIR/sources_1" RelGenDir="$PGENDIR/sources_1">
    <Filter Type="Srcs"/>
    <File Path="$PSRCDIR/sources_1/new/FA.v">
      <FileInfo>
        <Attr Name="UsedIn" Val="synthesis"/>
        <Attr Name="UsedIn" Val="implementation"/>
        <Attr Name="UsedIn" Val="simulation"/>
      </FileInfo>
    </File>
    <File Path="$PSRCDIR/sources_1/new/RCA.v">
      <FileInfo>
        <Attr Name="UsedIn" Val="synthesis"/>
        <Attr Name="UsedIn" Val="implementation"/>
        <Attr Name="UsedIn" Val="simulation"/>
      </FileInfo>
    </File>
    <Config>
      <Option Name="DesignMode" Val="RTL"/>
      <Option Name="TopModule" Val="RCA"/>
      <Option Name="TopAutoSet" Val="TRUE"/>
    </Config>
  </FileSet>
  <FileSet Name="constrs_in" Type="Constrs" RelSrcDir="$PSRCDIR/constrs_1" RelGenDir="$PGENDIR/constrs_1">
    <Filter Type="Constrs"/>
    <File Path="$PSRCDIR/constrs_1/new/rca_constraint.xdc">
      <FileInfo>
        <Attr Name="UsedIn" Val="synthesis"/>
        <Attr Name="UsedIn" Val="implementation"/>
      </FileInfo>
    </File>
    <Config>
      <Option Name="ConstrsType" Val="XDC"/>
    </Config>
  </FileSet>
  <FileSet Name="utils" Type="Utils" RelSrcDir="$PSRCDIR/utils_1" RelGenDir="$PGENDIR/utils_1">
    <Filter Type="Utils"/>
    <File Path="$PSRCDIR/utils_1/imports/synth_1/RCA.dcp">
      <FileInfo>
        <Attr Name="UsedIn" Val="synthesis"/>
        <Attr Name="UsedIn" Val="implementation"/>
        <Attr Name="UsedInSteps" Val="synth_1"/>
        <Attr Name="AutoDcp" Val="1"/>
      </FileInfo>
    </File>
    <Config>
      <Option Name="TopAutoSet" Val="TRUE"/>
    </Config>
  </FileSet>
  <Strategy Version="1" Minor="2">
    <StratHandle Name="Vivado Implementation Defaults" Flow="Vivado Implementation 2023">
      <Desc>Default settings for Implementation.</Desc>
    </StratHandle>
    <Step Id="init_design"/>
    <Step Id="opt_design"/>
    <Step Id="power_opt_design"/>
    <Step Id="place_design"/>
    <Step Id="post_place_power_opt_design"/>
    <Step Id="phys_opt_design"/>
    <Step Id="route_design"/>
    <Step Id="post_route_phys_opt_design"/>
    <Step Id="write_bitstream"/>
  </Strategy>
</GenRun>
