<?xml version="1.0" encoding="UTF-8"?>
<GenRun Id="impl_1" LaunchPart="xc7a35tcpg236-1" LaunchTime="1706847088">
  <File Type="ROUTE-PWR" Name="quad_seven_seg_power_routed.rpt"/>
  <File Type="PA-TCL" Name="quad_seven_seg.tcl"/>
  <File Type="ROUTE-PWR-SUM" Name="quad_seven_seg_power_summary_routed.pb"/>
  <File Type="REPORTS-TCL" Name="quad_seven_seg_reports.tcl"/>
  <File Type="OPT-RQA-PB" Name="quad_seven_seg_rqa_opted.pb"/>
  <File Type="BITSTR-MMI" Name="quad_seven_seg.mmi"/>
  <File Type="OPT-METHODOLOGY-DRC" Name="quad_seven_seg_methodology_drc_opted.rpt"/>
  <File Type="INIT-TIMING" Name="quad_seven_seg_timing_summary_init.rpt"/>
  <File Type="OPT-TIMING" Name="quad_seven_seg_timing_summary_opted.rpt"/>
  <File Type="OPT-DCP" Name="quad_seven_seg_opt.dcp"/>
  <File Type="OPT-DRC" Name="quad_seven_seg_drc_opted.rpt"/>
  <File Type="OPT-HWDEF" Name="quad_seven_seg.hwdef"/>
  <File Type="PWROPT-DCP" Name="quad_seven_seg_pwropt.dcp"/>
  <File Type="PWROPT-DRC" Name="quad_seven_seg_drc_pwropted.rpt"/>
  <File Type="PWROPT-TIMING" Name="quad_seven_seg_timing_summary_pwropted.rpt"/>
  <File Type="PLACE-DCP" Name="quad_seven_seg_placed.dcp"/>
  <File Type="PLACE-IO" Name="quad_seven_seg_io_placed.rpt"/>
  <File Type="PLACE-CLK" Name="quad_seven_seg_clock_utilization_placed.rpt"/>
  <File Type="PLACE-UTIL" Name="quad_seven_seg_utilization_placed.rpt"/>
  <File Type="PLACE-UTIL-PB" Name="quad_seven_seg_utilization_placed.pb"/>
  <File Type="PLACE-CTRL" Name="quad_seven_seg_control_sets_placed.rpt"/>
  <File Type="PLACE-SIMILARITY" Name="quad_seven_seg_incremental_reuse_placed.rpt"/>
  <File Type="PLACE-PRE-SIMILARITY" Name="quad_seven_seg_incremental_reuse_pre_placed.rpt"/>
  <File Type="BG-BIN" Name="quad_seven_seg.bin"/>
  <File Type="PLACE-TIMING" Name="quad_seven_seg_timing_summary_placed.rpt"/>
  <File Type="ROUTE-PWR-RPX" Name="quad_seven_seg_power_routed.rpx"/>
  <File Type="PLACE-RQA-PB" Name="quad_seven_seg_rqa_placed.pb"/>
  <File Type="POSTPLACE-PWROPT-DCP" Name="quad_seven_seg_postplace_pwropt.dcp"/>
  <File Type="BITSTR-MSK" Name="quad_seven_seg.msk"/>
  <File Type="POSTPLACE-PWROPT-TIMING" Name="quad_seven_seg_timing_summary_postplace_pwropted.rpt"/>
  <File Type="PHYSOPT-DCP" Name="quad_seven_seg_physopt.dcp"/>
  <File Type="PHYSOPT-DRC" Name="quad_seven_seg_drc_physopted.rpt"/>
  <File Type="BITSTR-RBT" Name="quad_seven_seg.rbt"/>
  <File Type="PHYSOPT-TIMING" Name="quad_seven_seg_timing_summary_physopted.rpt"/>
  <File Type="ROUTE-ERROR-DCP" Name="quad_seven_seg_routed_error.dcp"/>
  <File Type="ROUTE-DCP" Name="quad_seven_seg_routed.dcp"/>
  <File Type="ROUTE-BLACKBOX-DCP" Name="quad_seven_seg_routed_bb.dcp"/>
  <File Type="ROUTE-DRC" Name="quad_seven_seg_drc_routed.rpt"/>
  <File Type="ROUTE-DRC-PB" Name="quad_seven_seg_drc_routed.pb"/>
  <File Type="ROUTE-DRC-RPX" Name="quad_seven_seg_drc_routed.rpx"/>
  <File Type="ROUTE-METHODOLOGY-DRC" Name="quad_seven_seg_methodology_drc_routed.rpt"/>
  <File Type="ROUTE-METHODOLOGY-DRC-RPX" Name="quad_seven_seg_methodology_drc_routed.rpx"/>
  <File Type="ROUTE-METHODOLOGY-DRC-PB" Name="quad_seven_seg_methodology_drc_routed.pb"/>
  <File Type="ROUTE-RQS-PB" Name="quad_seven_seg_rqs_routed.pb"/>
  <File Type="ROUTE-STATUS" Name="quad_seven_seg_route_status.rpt"/>
  <File Type="ROUTE-STATUS-PB" Name="quad_seven_seg_route_status.pb"/>
  <File Type="ROUTE-TIMINGSUMMARY" Name="quad_seven_seg_timing_summary_routed.rpt"/>
  <File Type="ROUTE-TIMING-PB" Name="quad_seven_seg_timing_summary_routed.pb"/>
  <File Type="ROUTE-TIMING-RPX" Name="quad_seven_seg_timing_summary_routed.rpx"/>
  <File Type="ROUTE-SIMILARITY" Name="quad_seven_seg_incremental_reuse_routed.rpt"/>
  <File Type="ROUTE-CLK" Name="quad_seven_seg_clock_utilization_routed.rpt"/>
  <File Type="ROUTE-BUS-SKEW" Name="quad_seven_seg_bus_skew_routed.rpt"/>
  <File Type="ROUTE-BUS-SKEW-PB" Name="quad_seven_seg_bus_skew_routed.pb"/>
  <File Type="ROUTE-BUS-SKEW-RPX" Name="quad_seven_seg_bus_skew_routed.rpx"/>
  <File Type="POSTROUTE-PHYSOPT-DCP" Name="quad_seven_seg_postroute_physopt.dcp"/>
  <File Type="POSTROUTE-PHYSOPT-BLACKBOX-DCP" Name="quad_seven_seg_postroute_physopt_bb.dcp"/>
  <File Type="POSTROUTE-PHYSOPT-TIMING" Name="quad_seven_seg_timing_summary_postroute_physopted.rpt"/>
  <File Type="POSTROUTE-PHYSOPT-TIMING-PB" Name="quad_seven_seg_timing_summary_postroute_physopted.pb"/>
  <File Type="POSTROUTE-PHYSOPT-TIMING-RPX" Name="quad_seven_seg_timing_summary_postroute_physopted.rpx"/>
  <File Type="POSTROUTE-PHYSOPT-BUS-SKEW" Name="quad_seven_seg_bus_skew_postroute_physopted.rpt"/>
  <File Type="BG-BIT" Name="quad_seven_seg.bit"/>
  <File Type="POSTROUTE-PHYSOPT-BUS-SKEW-PB" Name="quad_seven_seg_bus_skew_postroute_physopted.pb"/>
  <File Type="POSTROUTE-PHYSOPT-BUS-SKEW-RPX" Name="quad_seven_seg_bus_skew_postroute_physopted.rpx"/>
  <File Type="BITSTR-NKY" Name="quad_seven_seg.nky"/>
  <File Type="BITSTR-BMM" Name="quad_seven_seg_bd.bmm"/>
  <File Type="PDI-FILE" Name="quad_seven_seg.pdi"/>
  <File Type="BOOT-PDI-FILE" Name="quad_seven_seg_boot.pdi"/>
  <File Type="PL-PDI-FILE" Name="quad_seven_seg_pld.pdi"/>
  <File Type="RCFI_FILE" Name="quad_seven_seg.rcfi"/>
  <File Type="CFI_FILE" Name="quad_seven_seg.cfi"/>
  <File Type="RNPI_FILE" Name="quad_seven_seg.rnpi"/>
  <File Type="NPI_FILE" Name="quad_seven_seg.npi"/>
  <File Type="RBD_FILE" Name="quad_seven_seg.rbd"/>
  <File Type="BITSTR-LTX" Name="debug_nets.ltx"/>
  <File Type="BITSTR-LTX" Name="quad_seven_seg.ltx"/>
  <File Type="BITSTR-SYSDEF" Name="quad_seven_seg.sysdef"/>
  <File Type="BG-BGN" Name="quad_seven_seg.bgn"/>
  <File Type="BG-DRC" Name="quad_seven_seg.drc"/>
  <File Type="RDI-RDI" Name="quad_seven_seg.vdi"/>
  <File Type="WBT-USG" Name="usage_statistics_webtalk.html"/>
  <File Type="ROUTE-RQS" Name="quad_seven_seg_routed.rqs"/>
  <File Type="POSTROUTE-PHYSOPT-RQS" Name="quad_seven_seg_postroute_physopted.rqs"/>
  <File Type="ROUTE-RQS-RPT" Name="route_report_qor_suggestions_0.rpt"/>
  <File Type="POSTROUTE-PHYSOPT-RQS-RPT" Name="postroute_physopt_report_qor_suggestions_0.rpt"/>
  <FileSet Name="sources" Type="DesignSrcs" RelSrcDir="$PSRCDIR/sources_1" RelGenDir="$PGENDIR/sources_1">
    <Filter Type="Srcs"/>
    <File Path="$PSRCDIR/sources_1/new/LED_Active.v">
      <FileInfo>
        <Attr Name="UsedIn" Val="synthesis"/>
        <Attr Name="UsedIn" Val="implementation"/>
        <Attr Name="UsedIn" Val="simulation"/>
      </FileInfo>
    </File>
    <Config>
      <Option Name="DesignMode" Val="RTL"/>
      <Option Name="TopModule" Val="quad_seven_seg"/>
      <Option Name="TopAutoSet" Val="TRUE"/>
    </Config>
  </FileSet>
  <FileSet Name="constrs_in" Type="Constrs" RelSrcDir="$PSRCDIR/constrs_1" RelGenDir="$PGENDIR/constrs_1">
    <Filter Type="Constrs"/>
    <File Path="$PSRCDIR/constrs_1/new/UCF.xdc">
      <FileInfo>
        <Attr Name="UsedIn" Val="synthesis"/>
        <Attr Name="UsedIn" Val="implementation"/>
      </FileInfo>
    </File>
    <Config>
      <Option Name="ConstrsType" Val="XDC"/>
    </Config>
  </FileSet>
  <FileSet Name="utils" Type="Utils" RelSrcDir="$PSRCDIR/utils_1" RelGenDir="$PGENDIR/utils_1">
    <Filter Type="Utils"/>
    <Config>
      <Option Name="TopAutoSet" Val="TRUE"/>
    </Config>
  </FileSet>
  <Strategy Version="1" Minor="2">
    <StratHandle Name="Vivado Implementation Defaults" Flow="Vivado Implementation 2023">
      <Desc>Default settings for Implementation.</Desc>
    </StratHandle>
    <Step Id="init_design"/>
    <Step Id="opt_design"/>
    <Step Id="power_opt_design"/>
    <Step Id="place_design"/>
    <Step Id="post_place_power_opt_design"/>
    <Step Id="phys_opt_design"/>
    <Step Id="route_design"/>
    <Step Id="post_route_phys_opt_design"/>
    <Step Id="write_bitstream"/>
  </Strategy>
</GenRun>
